start,qty_actual,timestamp,machine,material,quality,other,date,version,shift_work,qty_plan,department_id,line_id,process_id,% Plan,ST Plan,ST Actual
0,0,1615019515,1,1,1,1,06-03-21,1,0,1300,1,1,1,0.001,22,0.001
1,3964,1615019521,1,1,1,1,06-03-21,1,0,1300,1,1,1,0,22,0
1,3965,1615019550,1,1,1,1,06-03-21,1,0,1300,1,1,1,0,22,0
1,3966,1615019596,1,1,1,1,06-03-21,1,0,1300,1,1,1,0,22,0
1,3967,1615019620,1,1,1,1,06-03-21,1,0,1300,1,1,1,0,22,0
1,3968,1615019627,1,1,1,1,06-03-21,1,0,1300,1,1,1,0,22,0
1,3969,1615019691,1,1,1,1,06-03-21,1,0,1300,1,1,1,0,22,0
1,3970,1615019721,1,1,1,1,06-03-21,1,0,1300,1,1,1,0,22,0
1,3971,1615019753,1,1,1,1,06-03-21,1,0,1300,1,1,1,0,22,0
1,3972,1615019778,1,1,1,1,06-03-21,1,0,1300,1,1,1,0,22,0
1,3973,1615019805,1,1,1,1,06-03-21,1,0,1300,1,1,1,0,22,0
1,3974,1615019815,1,1,1,1,06-03-21,1,0,1300,1,1,1,0,22,0
1,3975,1615019860,1,1,1,1,06-03-21,1,0,1300,1,1,1,0,22,0
1,3976,1615019882,1,1,1,1,06-03-21,1,0,1300,1,1,1,0,22,0
1,3977,1615019899,1,1,1,1,06-03-21,1,0,1300,1,1,1,0,22,0
1,3978,1615019966,1,1,1,1,06-03-21,1,0,1300,1,1,1,0,22,0
1,3979,1615019990,1,1,1,1,06-03-21,1,0,1300,1,1,1,0,22,0
1,3980,1615019998,1,1,1,1,06-03-21,1,0,1300,1,1,1,0,22,0
1,3981,1615020024,1,1,1,1,06-03-21,1,0,1300,1,1,1,0,22,0
1,3982,1615020033,1,1,1,1,06-03-21,1,0,1300,1,1,1,0,22,0
1,3983,1615020088,1,1,1,1,06-03-21,1,0,1300,1,1,1,0,22,0
1,3984,1615020095,1,1,1,1,06-03-21,1,0,1300,1,1,1,0,22,0
1,3985,1615020146,1,1,1,1,06-03-21,1,0,1300,1,1,1,0,22,0
1,3986,1615020178,1,1,1,1,06-03-21,1,0,1300,1,1,1,0,22,0
1,3987,1615020186,1,1,1,1,06-03-21,1,0,1300,1,1,1,0,22,0
1,3988,1615020217,1,1,1,1,06-03-21,1,0,1300,1,1,1,0,22,0
1,3989,1615020239,1,1,1,1,06-03-21,1,0,1300,1,1,1,0,22,0
1,3990,1615020277,1,1,1,1,06-03-21,1,0,1300,1,1,1,0,22,0
1,3991,1615020284,1,1,1,1,06-03-21,1,0,1300,1,1,1,0,22,0
1,3992,1615020330,1,1,1,1,06-03-21,1,0,1300,1,1,1,0,22,0
1,3993,1615020349,1,1,1,1,06-03-21,1,0,1300,1,1,1,0,22,0
1,3994,1615020405,1,1,1,1,06-03-21,1,0,1300,1,1,1,0,22,0
1,3995,1615020421,1,1,1,1,06-03-21,1,0,1300,1,1,1,0,22,0
1,3996,1615020453,1,1,1,1,06-03-21,1,0,1300,1,1,1,0,22,0
1,3997,1615020492,1,1,1,1,06-03-21,1,0,1300,1,1,1,0,22,0
1,3998,1615020523,1,1,1,1,06-03-21,1,0,1300,1,1,1,0,22,0
1,3999,1615020540,1,1,1,1,06-03-21,1,0,1300,1,1,1,0,22,0
1,4000,1615020549,1,1,1,1,06-03-21,1,0,1300,1,1,1,0,22,0
1,4001,1615020592,1,1,1,1,06-03-21,1,0,1300,1,1,1,0,22,0
1,4002,1615020631,1,1,1,1,06-03-21,1,0,1300,1,1,1,0,22,0
1,4003,1615020639,1,1,1,1,06-03-21,1,0,1300,1,1,1,0,22,0
1,4004,1615020673,1,1,1,1,06-03-21,1,0,1300,1,1,1,0,22,0
1,4005,1615020684,1,1,1,1,06-03-21,1,0,1300,1,1,1,0,22,0
1,4006,1615020712,1,1,1,1,06-03-21,1,0,1300,1,1,1,0,22,0
1,4007,1615020769,1,1,1,1,06-03-21,1,0,1300,1,1,1,0,22,0
1,4008,1615020785,1,1,1,1,06-03-21,1,0,1300,1,1,1,0,22,0
1,4009,1615020816,1,1,1,1,06-03-21,1,0,1300,1,1,1,0,22,0
1,4010,1615020857,1,1,1,1,06-03-21,1,0,1300,1,1,1,0,22,0
1,4011,1615020888,1,1,1,1,06-03-21,1,0,1300,1,1,1,0,22,0
1,4012,1615020915,1,1,1,1,06-03-21,1,0,1300,1,1,1,0,22,0
1,4013,1615020925,1,1,1,1,06-03-21,1,0,1300,1,1,1,0,22,0
1,4014,1615020969,1,1,1,1,06-03-21,1,0,1300,1,1,1,0,22,0
1,4015,1615020984,1,1,1,1,06-03-21,1,0,1300,1,1,1,0,22,0
1,4016,1615021014,1,1,1,1,06-03-21,1,0,1300,1,1,1,0,22,0
1,4017,1615021024,1,1,1,1,06-03-21,1,0,1300,1,1,1,0,22,0
1,4018,1615021075,1,1,1,1,06-03-21,1,0,1300,1,1,1,0,22,0
1,4019,1615021084,1,1,1,1,06-03-21,1,0,1300,1,1,1,0,22,0
1,4020,1615021139,1,1,1,1,06-03-21,1,0,1300,1,1,1,0,22,0
1,4021,1615021147,1,1,1,1,06-03-21,1,0,1300,1,1,1,0,22,0
1,4022,1615021200,1,1,1,1,06-03-21,1,0,1300,1,1,1,0,22,0
1,4023,1615021207,1,1,1,1,06-03-21,1,0,1300,1,1,1,0,22,0
1,4024,1615021274,1,1,1,1,06-03-21,1,0,1300,1,1,1,0,22,0
1,4025,1615021287,1,1,1,1,06-03-21,1,0,1300,1,1,1,0,22,0
1,4026,1615021386,1,1,1,1,06-03-21,1,0,1300,1,1,1,0,22,0
1,4027,1615021405,1,1,1,1,06-03-21,1,0,1300,1,1,1,0,22,0
1,4028,1615021412,1,1,1,1,06-03-21,1,0,1300,1,1,1,0,22,0
1,4029,1615021429,1,1,1,1,06-03-21,1,0,1300,1,1,1,0,22,0
1,4030,1615021479,1,1,1,1,06-03-21,1,0,1300,1,1,1,0,22,0
1,4031,1615021525,1,1,1,1,06-03-21,1,0,1300,1,1,1,0,22,0
1,4032,1615021533,1,1,1,1,06-03-21,1,0,1300,1,1,1,0,22,0
1,4033,1615021584,1,1,1,1,06-03-21,1,0,1300,1,1,1,0,22,0
1,4034,1615021601,1,1,1,1,06-03-21,1,0,1300,1,1,1,0,22,0
1,4035,1615021683,1,1,1,1,06-03-21,1,0,1300,1,1,1,0,22,0
1,4036,1615021713,1,1,1,1,06-03-21,1,0,1300,1,1,1,0,22,0
1,4037,1615021752,1,1,1,1,06-03-21,1,0,1300,1,1,1,0,22,0
1,4038,1615021777,1,1,1,1,06-03-21,1,0,1300,1,1,1,0,22,0
1,4039,1615021809,1,1,1,1,06-03-21,1,0,1300,1,1,1,0,22,0
1,4040,1615021841,1,1,1,1,06-03-21,1,0,1300,1,1,1,0,22,0
1,4041,1615021883,1,1,1,1,06-03-21,1,0,1300,1,1,1,0,22,0
1,4042,1615021907,1,1,1,1,06-03-21,1,0,1300,1,1,1,0,22,0
1,4043,1615021946,1,1,1,1,06-03-21,1,0,1300,1,1,1,0,22,0
1,4044,1615021974,1,1,1,1,06-03-21,1,0,1300,1,1,1,0,22,0
1,4045,1615022024,1,1,1,1,06-03-21,1,0,1300,1,1,1,0,22,0
1,4046,1615022032,1,1,1,1,06-03-21,1,0,1300,1,1,1,0,22,0
1,4047,1615022074,1,1,1,1,06-03-21,1,0,1300,1,1,1,0,22,0
1,4048,1615022105,1,1,1,1,06-03-21,1,0,1300,1,1,1,0,22,0
1,4049,1615022141,1,1,1,1,06-03-21,1,0,1300,1,1,1,0,22,0
1,4050,1615022171,1,1,1,1,06-03-21,1,0,1300,1,1,1,0,22,0
1,4051,1615022182,1,1,1,1,06-03-21,1,0,1300,1,1,1,0,22,0
1,4052,1615022221,1,1,1,1,06-03-21,1,0,1300,1,1,1,0,22,0
1,4053,1615022236,1,1,1,1,06-03-21,1,0,1300,1,1,1,0,22,0
1,4054,1615022274,1,1,1,1,06-03-21,1,0,1300,1,1,1,0,22,0
1,4055,1615022312,1,1,1,1,06-03-21,1,0,1300,1,1,1,0,22,0
1,4056,1615022336,1,1,1,1,06-03-21,1,0,1300,1,1,1,0,22,0
1,4057,1615022386,1,1,1,1,06-03-21,1,0,1300,1,1,1,0,22,0
1,4058,1615022401,1,1,1,1,06-03-21,1,0,1300,1,1,1,0,22,0
1,4059,1615022432,1,1,1,1,06-03-21,1,0,1300,1,1,1,0,22,0
1,4060,1615022457,1,1,1,1,06-03-21,1,0,1300,1,1,1,0,22,0
1,4061,1615022486,1,1,1,1,06-03-21,1,0,1300,1,1,1,0,22,0
1,4062,1615022496,1,1,1,1,06-03-21,1,0,1300,1,1,1,0,22,0
1,4063,1615022537,1,1,1,1,06-03-21,1,0,1300,1,1,1,0,22,0
1,4064,1615022549,1,1,1,1,06-03-21,1,0,1300,1,1,1,0,22,0
1,4065,1615022576,1,1,1,1,06-03-21,1,0,1300,1,1,1,0,22,0
1,4066,1615022610,1,1,1,1,06-03-21,1,0,1300,1,1,1,0,22,0
1,4067,1615022617,1,1,1,1,06-03-21,1,0,1300,1,1,1,0,22,0
1,4068,1615022667,1,1,1,1,06-03-21,1,0,1300,1,1,1,0,22,0
1,4069,1615022680,1,1,1,1,06-03-21,1,0,1300,1,1,1,0,22,0
1,4070,1615022712,1,1,1,1,06-03-21,1,0,1300,1,1,1,0,22,0
1,4071,1615022739,1,1,1,1,06-03-21,1,0,1300,1,1,1,0,22,0
1,4072,1615022783,1,1,1,1,06-03-21,1,0,1300,1,1,1,0,22,0
1,4073,1615022820,1,1,1,1,06-03-21,1,0,1300,1,1,1,0,22,0
1,4074,1615022877,1,1,1,1,06-03-21,1,0,1300,1,1,1,0,22,0
1,4075,1615022903,1,1,1,1,06-03-21,1,0,1300,1,1,1,0,22,0
1,4076,1615022918,1,1,1,1,06-03-21,1,0,1300,1,1,1,0,22,0
1,4077,1615022925,1,1,1,1,06-03-21,1,0,1300,1,1,1,0,22,0
1,4078,1615022963,1,1,1,1,06-03-21,1,0,1300,1,1,1,0,22,0
1,4079,1615022989,1,1,1,1,06-03-21,1,0,1300,1,1,1,0,22,0
1,4080,1615023005,1,1,1,1,06-03-21,1,0,1300,1,1,1,0,22,0
1,4081,1615023016,1,1,1,1,06-03-21,1,0,1300,1,1,1,0,22,0
1,4082,1615023078,1,1,1,1,06-03-21,1,0,1300,1,1,1,0,22,0
1,4083,1615023106,1,1,1,1,06-03-21,1,0,1300,1,1,1,0,22,0
1,4084,1615023123,1,1,1,1,06-03-21,1,0,1300,1,1,1,0,22,0
1,4085,1615023172,1,1,1,1,06-03-21,1,0,1300,1,1,1,0,22,0
1,4086,1615023195,1,1,1,1,06-03-21,1,0,1300,1,1,1,0,22,0
1,4087,1615023225,1,1,1,1,06-03-21,1,0,1300,1,1,1,0,22,0
1,4088,1615023266,1,1,1,1,06-03-21,1,0,1300,1,1,1,0,22,0
1,4089,1615023327,1,1,1,1,06-03-21,1,0,1300,1,1,1,0,22,0
1,4090,1615023395,1,1,1,1,06-03-21,1,0,1300,1,1,1,0,22,0
1,4091,1615023478,1,1,1,1,06-03-21,1,0,1300,1,1,1,0,22,0
1,4092,1615023531,1,1,1,1,06-03-21,1,0,1300,1,1,1,0,22,0
1,4093,1615023544,1,1,1,1,06-03-21,1,0,1300,1,1,1,0,22,0
1,4094,1615023612,1,1,1,1,06-03-21,1,0,1300,1,1,1,0,22,0
1,4095,1615023650,1,1,1,1,06-03-21,1,0,1300,1,1,1,0,22,0
1,4096,1615023695,1,1,1,1,06-03-21,1,0,1300,1,1,1,0,22,0
1,4097,1615023719,1,1,1,1,06-03-21,1,0,1300,1,1,1,0,22,0
1,4098,1615023771,1,1,1,1,06-03-21,1,0,1300,1,1,1,0,22,0
1,4099,1615023796,1,1,1,1,06-03-21,1,0,1300,1,1,1,0,22,0
1,4100,1615023834,1,1,1,1,06-03-21,1,0,1300,1,1,1,0,22,0
1,4101,1615023859,1,1,1,1,06-03-21,1,0,1300,1,1,1,0,22,0
1,4102,1615023895,1,1,1,1,06-03-21,1,0,1300,1,1,1,0,22,0
1,4103,1615023906,1,1,1,1,06-03-21,1,0,1300,1,1,1,0,22,0
1,4104,1615023941,1,1,1,1,06-03-21,1,0,1300,1,1,1,0,22,0
1,4105,1615023978,1,1,1,1,06-03-21,1,0,1300,1,1,1,0,22,0
1,4106,1615024008,1,1,1,1,06-03-21,1,0,1300,1,1,1,0,22,0
1,4107,1615024025,1,1,1,1,06-03-21,1,0,1300,1,1,1,0,22,0
1,4108,1615024061,1,1,1,1,06-03-21,1,0,1300,1,1,1,0,22,0
1,4109,1615024086,1,1,1,1,06-03-21,1,0,1300,1,1,1,0,22,0
1,4110,1615024117,1,1,1,1,06-03-21,1,0,1300,1,1,1,0,22,0
1,4111,1615024132,1,1,1,1,06-03-21,1,0,1300,1,1,1,0,22,0
1,4112,1615024183,1,1,1,1,06-03-21,1,0,1300,1,1,1,0,22,0
1,4113,1615024194,1,1,1,1,06-03-21,1,0,1300,1,1,1,0,22,0
1,4114,1615024219,1,1,1,1,06-03-21,1,0,1300,1,1,1,0,22,0
1,4115,1615024229,1,1,1,1,06-03-21,1,0,1300,1,1,1,0,22,0
1,4116,1615024254,1,1,1,1,06-03-21,1,0,1300,1,1,1,0,22,0
1,4117,1615024267,1,1,1,1,06-03-21,1,0,1300,1,1,1,0,22,0
1,4118,1615024292,1,1,1,1,06-03-21,1,0,1300,1,1,1,0,22,0
1,4119,1615024311,1,1,1,1,06-03-21,1,0,1300,1,1,1,0,22,0
1,4120,1615024336,1,1,1,1,06-03-21,1,0,1300,1,1,1,0,22,0
1,4121,1615024348,1,1,1,1,06-03-21,1,0,1300,1,1,1,0,22,0
1,4122,1615024374,1,1,1,1,06-03-21,1,0,1300,1,1,1,0,22,0
1,4123,1615024391,1,1,1,1,06-03-21,1,0,1300,1,1,1,0,22,0
1,4124,1615024414,1,1,1,1,06-03-21,1,0,1300,1,1,1,0,22,0
1,4125,1615024444,1,1,1,1,06-03-21,1,0,1300,1,1,1,0,22,0
1,4126,1615024469,1,1,1,1,06-03-21,1,0,1300,1,1,1,0,22,0
1,4127,1615024502,1,1,1,1,06-03-21,1,0,1300,1,1,1,0,22,0
1,4128,1615024549,1,1,1,1,06-03-21,1,0,1300,1,1,1,0,22,0
1,4129,1615024589,1,1,1,1,06-03-21,1,0,1300,1,1,1,0,22,0
1,4130,1615024644,1,1,1,1,06-03-21,1,0,1300,1,1,1,0,22,0
1,4131,1615024726,1,1,1,1,06-03-21,1,0,1300,1,1,1,0,22,0
1,4132,1615024743,1,1,1,1,06-03-21,1,0,1300,1,1,1,0,22,0
1,4133,1615024769,1,1,1,1,06-03-21,1,0,1300,1,1,1,0,22,0
1,4134,1615024784,1,1,1,1,06-03-21,1,0,1300,1,1,1,0,22,0
1,4135,1615024832,1,1,1,1,06-03-21,1,0,1300,1,1,1,0,22,0
1,4136,1615024861,1,1,1,1,06-03-21,1,0,1300,1,1,1,0,22,0
1,4137,1615024891,1,1,1,1,06-03-21,1,0,1300,1,1,1,0,22,0
1,4138,1615024919,1,1,1,1,06-03-21,1,0,1300,1,1,1,0,22,0
1,4139,1615024943,1,1,1,1,06-03-21,1,0,1300,1,1,1,0,22,0
1,4140,1615024989,1,1,1,1,06-03-21,1,0,1300,1,1,1,0,22,0
1,4141,1615024996,1,1,1,1,06-03-21,1,0,1300,1,1,1,0,22,0
1,4142,1615025431,1,1,1,1,06-03-21,1,0,1300,1,1,1,0,22,0
1,4143,1615025474,1,1,1,1,06-03-21,1,0,1300,1,1,1,0,22,0
1,4144,1615025513,1,1,1,1,06-03-21,1,0,1300,1,1,1,0,22,0
1,4145,1615025531,1,1,1,1,06-03-21,1,0,1300,1,1,1,0,22,0
1,4146,1615025539,1,1,1,1,06-03-21,1,0,1300,1,1,1,0,22,0
1,4147,1615025588,1,1,1,1,06-03-21,1,0,1300,1,1,1,0,22,0
1,4148,1615025606,1,1,1,1,06-03-21,1,0,1300,1,1,1,0,22,0
1,4149,1615025613,1,1,1,1,06-03-21,1,0,1300,1,1,1,0,22,0
1,4150,1615025662,1,1,1,1,06-03-21,1,0,1300,1,1,1,0,22,0
1,4151,1615025698,1,1,1,1,06-03-21,1,0,1300,1,1,1,0,22,0
1,4152,1615025705,1,1,1,1,06-03-21,1,0,1300,1,1,1,0,22,0
1,4153,1615025742,1,1,1,1,06-03-21,1,0,1300,1,1,1,0,22,0
1,4154,1615025767,1,1,1,1,06-03-21,1,0,1300,1,1,1,0,22,0
1,4155,1615025803,1,1,1,1,06-03-21,1,0,1300,1,1,1,0,22,0
1,4156,1615025837,1,1,1,1,06-03-21,1,0,1300,1,1,1,0,22,0
1,4157,1615025861,1,1,1,1,06-03-21,1,0,1300,1,1,1,0,22,0
1,4158,1615025889,1,1,1,1,06-03-21,1,0,1300,1,1,1,0,22,0
1,4159,1615025905,1,1,1,1,06-03-21,1,0,1300,1,1,1,0,22,0
1,4160,1615025935,1,1,1,1,06-03-21,1,0,1300,1,1,1,0,22,0
1,4161,1615025951,1,1,1,1,06-03-21,1,0,1300,1,1,1,0,22,0
1,4162,1615025988,1,1,1,1,06-03-21,1,0,1300,1,1,1,0,22,0
1,4163,1615025997,1,1,1,1,06-03-21,1,0,1300,1,1,1,0,22,0
1,4164,1615026035,1,1,1,1,06-03-21,1,0,1300,1,1,1,0,22,0
1,4165,1615026071,1,1,1,1,06-03-21,1,0,1300,1,1,1,0,22,0
1,4166,1615026090,1,1,1,1,06-03-21,1,0,1300,1,1,1,0,22,0
1,4167,1615026123,1,1,1,1,06-03-21,1,0,1300,1,1,1,0,22,0
1,4168,1615026149,1,1,1,1,06-03-21,1,0,1300,1,1,1,0,22,0
1,4169,1615026165,1,1,1,1,06-03-21,1,0,1300,1,1,1,0,22,0
1,4170,1615026193,1,1,1,1,06-03-21,1,0,1300,1,1,1,0,22,0
1,4171,1615026211,1,1,1,1,06-03-21,1,0,1300,1,1,1,0,22,0
1,4172,1615026239,1,1,1,1,06-03-21,1,0,1300,1,1,1,0,22,0
1,4173,1615026256,1,1,1,1,06-03-21,1,0,1300,1,1,1,0,22,0
1,4174,1615026280,1,1,1,1,06-03-21,1,0,1300,1,1,1,0,22,0
1,4175,1615026300,1,1,1,1,06-03-21,1,0,1300,1,1,1,0,22,0
1,4176,1615026309,1,1,1,1,06-03-21,1,0,1300,1,1,1,0,22,0
1,4177,1615026334,1,1,1,1,06-03-21,1,0,1300,1,1,1,0,22,0
1,4178,1615026363,1,1,1,1,06-03-21,1,0,1300,1,1,1,0,22,0
1,4179,1615026394,1,1,1,1,06-03-21,1,0,1300,1,1,1,0,22,0
1,4180,1615026406,1,1,1,1,06-03-21,1,0,1300,1,1,1,0,22,0
1,4181,1615026429,1,1,1,1,06-03-21,1,0,1300,1,1,1,0,22,0
1,4182,1615026465,1,1,1,1,06-03-21,1,0,1300,1,1,1,0,22,0
1,4183,1615026499,1,1,1,1,06-03-21,1,0,1300,1,1,1,0,22,0
1,4184,1615026519,1,1,1,1,06-03-21,1,0,1300,1,1,1,0,22,0
1,4185,1615026545,1,1,1,1,06-03-21,1,0,1300,1,1,1,0,22,0
1,4186,1615026594,1,1,1,1,06-03-21,1,0,1300,1,1,1,0,22,0
1,4187,1615026633,1,1,1,1,06-03-21,1,0,1300,1,1,1,0,22,0
1,4188,1615026669,1,1,1,1,06-03-21,1,0,1300,1,1,1,0,22,0
1,4189,1615026704,1,1,1,1,06-03-21,1,0,1300,1,1,1,0,22,0
1,4190,1615026720,1,1,1,1,06-03-21,1,0,1300,1,1,1,0,22,0
1,4191,1615026727,1,1,1,1,06-03-21,1,0,1300,1,1,1,0,22,0
1,4192,1615026752,1,1,1,1,06-03-21,1,0,1300,1,1,1,0,22,0
1,4193,1615026772,1,1,1,1,06-03-21,1,0,1300,1,1,1,0,22,0
1,4194,1615026789,1,1,1,1,06-03-21,1,0,1300,1,1,1,0,22,0
1,4195,1615026835,1,1,1,1,06-03-21,1,0,1300,1,1,1,0,22,0
1,4196,1615026856,1,1,1,1,06-03-21,1,0,1300,1,1,1,0,22,0
1,4197,1615026875,1,1,1,1,06-03-21,1,0,1300,1,1,1,0,22,0
1,4198,1615026916,1,1,1,1,06-03-21,1,0,1300,1,1,1,0,22,0
1,4199,1615026932,1,1,1,1,06-03-21,1,0,1300,1,1,1,0,22,0
1,4200,1615026954,1,1,1,1,06-03-21,1,0,1300,1,1,1,0,22,0
1,4201,1615027023,1,1,1,1,06-03-21,1,0,1300,1,1,1,0,22,0
1,4202,1615027032,1,1,1,1,06-03-21,1,0,1300,1,1,1,0,22,0
1,4203,1615027043,1,1,1,1,06-03-21,1,0,1300,1,1,1,0,22,0
1,4204,1615027104,1,1,1,1,06-03-21,1,0,1300,1,1,1,0,22,0
1,4205,1615027164,1,1,1,1,06-03-21,1,0,1300,1,1,1,0,22,0
1,4206,1615027210,1,1,1,1,06-03-21,1,0,1300,1,1,1,0,22,0
1,4207,1615027231,1,1,1,1,06-03-21,1,0,1300,1,1,1,0,22,0
1,4208,1615027270,1,1,1,1,06-03-21,1,0,1300,1,1,1,0,22,0
1,4209,1615027298,1,1,1,1,06-03-21,1,0,1300,1,1,1,0,22,0
1,4210,1615027310,1,1,1,1,06-03-21,1,0,1300,1,1,1,0,22,0
1,4211,1615027345,1,1,1,1,06-03-21,1,0,1300,1,1,1,0,22,0
1,4212,1615027374,1,1,1,1,06-03-21,1,0,1300,1,1,1,0,22,0
1,4213,1615027416,1,1,1,1,06-03-21,1,0,1300,1,1,1,0,22,0
1,4214,1615027455,1,1,1,1,06-03-21,1,0,1300,1,1,1,0,22,0
1,4215,1615027488,1,1,1,1,06-03-21,1,0,1300,1,1,1,0,22,0
1,4216,1615027508,1,1,1,1,06-03-21,1,0,1300,1,1,1,0,22,0
1,4217,1615027555,1,1,1,1,06-03-21,1,0,1300,1,1,1,0,22,0
1,4218,1615027615,1,1,1,1,06-03-21,1,0,1300,1,1,1,0,22,0
1,4219,1615027640,1,1,1,1,06-03-21,1,0,1300,1,1,1,0,22,0
1,4220,1615027677,1,1,1,1,06-03-21,1,0,1300,1,1,1,0,22,0
1,4221,1615027724,1,1,1,1,06-03-21,1,0,1300,1,1,1,0,22,0
1,4222,1615027764,1,1,1,1,06-03-21,1,0,1300,1,1,1,0,22,0
1,4223,1615027780,1,1,1,1,06-03-21,1,0,1300,1,1,1,0,22,0
1,4224,1615027809,1,1,1,1,06-03-21,1,0,1300,1,1,1,0,22,0
1,4225,1615027838,1,1,1,1,06-03-21,1,0,1300,1,1,1,0,22,0
1,4226,1615027867,1,1,1,1,06-03-21,1,0,1300,1,1,1,0,22,0
1,4227,1615027910,1,1,1,1,06-03-21,1,0,1300,1,1,1,0,22,0
1,4228,1615027921,1,1,1,1,06-03-21,1,0,1300,1,1,1,0,22,0
1,4229,1615027969,1,1,1,1,06-03-21,1,0,1300,1,1,1,0,22,0
1,4230,1615027995,1,1,1,1,06-03-21,1,0,1300,1,1,1,0,22,0
1,4231,1615028756,1,1,1,1,06-03-21,1,0,1300,1,1,1,0,22,0
1,4232,1615028772,1,1,1,1,06-03-21,1,0,1300,1,1,1,0,22,0
1,4233,1615028813,1,1,1,1,06-03-21,1,0,1300,1,1,1,0,22,0
1,4234,1615028839,1,1,1,1,06-03-21,1,0,1300,1,1,1,0,22,0
1,4235,1615028862,1,1,1,1,06-03-21,1,0,1300,1,1,1,0,22,0
1,4236,1615028870,1,1,1,1,06-03-21,1,0,1300,1,1,1,0,22,0
1,4237,1615028912,1,1,1,1,06-03-21,1,0,1300,1,1,1,0,22,0
1,4238,1615028932,1,1,1,1,06-03-21,1,0,1300,1,1,1,0,22,0
1,4239,1615028967,1,1,1,1,06-03-21,1,0,1300,1,1,1,0,22,0
1,4240,1615029079,1,1,1,1,06-03-21,1,0,1300,1,1,1,0,22,0
1,4241,1615029143,1,1,1,1,06-03-21,1,0,1300,1,1,1,0,22,0
1,4242,1615029159,1,1,1,1,06-03-21,1,0,1300,1,1,1,0,22,0
1,4243,1615029194,1,1,1,1,06-03-21,1,0,1300,1,1,1,0,22,0
1,4244,1615029211,1,1,1,1,06-03-21,1,0,1300,1,1,1,0,22,0
1,4245,1615029236,1,1,1,1,06-03-21,1,0,1300,1,1,1,0,22,0
1,4246,1615029259,1,1,1,1,06-03-21,1,0,1300,1,1,1,0,22,0
1,4247,1615029286,1,1,1,1,06-03-21,1,0,1300,1,1,1,0,22,0
1,4248,1615029325,1,1,1,1,06-03-21,1,0,1300,1,1,1,0,22,0
1,4249,1615029350,1,1,1,1,06-03-21,1,0,1300,1,1,1,0,22,0
1,4250,1615029369,1,1,1,1,06-03-21,1,0,1300,1,1,1,0,22,0
1,4251,1615029388,1,1,1,1,06-03-21,1,0,1300,1,1,1,0,22,0
1,4252,1615029418,1,1,1,1,06-03-21,1,0,1300,1,1,1,0,22,0
1,4253,1615029446,1,1,1,1,06-03-21,1,0,1300,1,1,1,0,22,0
1,4254,1615029466,1,1,1,1,06-03-21,1,0,1300,1,1,1,0,22,0
1,4255,1615029505,1,1,1,1,06-03-21,1,0,1300,1,1,1,0,22,0
1,4256,1615029544,1,1,1,1,06-03-21,1,0,1300,1,1,1,0,22,0
1,4257,1615029558,1,1,1,1,06-03-21,1,0,1300,1,1,1,0,22,0
1,4258,1615029577,1,1,1,1,06-03-21,1,0,1300,1,1,1,0,22,0
1,4259,1615029596,1,1,1,1,06-03-21,1,0,1300,1,1,1,0,22,0
1,4260,1615029627,1,1,1,1,06-03-21,1,0,1300,1,1,1,0,22,0
1,4261,1615029643,1,1,1,1,06-03-21,1,0,1300,1,1,1,0,22,0
1,4262,1615029673,1,1,1,1,06-03-21,1,0,1300,1,1,1,0,22,0
1,4263,1615029690,1,1,1,1,06-03-21,1,0,1300,1,1,1,0,22,0
1,4264,1615029722,1,1,1,1,06-03-21,1,0,1300,1,1,1,0,22,0
1,4265,1615029775,1,1,1,1,06-03-21,1,0,1300,1,1,1,0,22,0
1,4266,1615029805,1,1,1,1,06-03-21,1,0,1300,1,1,1,0,22,0
1,4267,1615029826,1,1,1,1,06-03-21,1,0,1300,1,1,1,0,22,0
1,4268,1615029845,1,1,1,1,06-03-21,1,0,1300,1,1,1,0,22,0
1,4269,1615029888,1,1,1,1,06-03-21,1,0,1300,1,1,1,0,22,0
1,4270,1615029903,1,1,1,1,06-03-21,1,0,1300,1,1,1,0,22,0
1,4271,1615029944,1,1,1,1,06-03-21,1,0,1300,1,1,1,0,22,0
1,4272,1615029959,1,1,1,1,06-03-21,1,0,1300,1,1,1,0,22,0
1,4273,1615030007,1,1,1,1,06-03-21,1,0,1300,1,1,1,0,22,0
1,4274,1615030034,1,1,1,1,06-03-21,1,0,1300,1,1,1,0,22,0
1,4275,1615030061,1,1,1,1,06-03-21,1,0,1300,1,1,1,0,22,0
1,4276,1615030091,1,1,1,1,06-03-21,1,0,1300,1,1,1,0,22,0
1,4277,1615030117,1,1,1,1,06-03-21,1,0,1300,1,1,1,0,22,0
1,4278,1615030144,1,1,1,1,06-03-21,1,0,1300,1,1,1,0,22,0
1,4279,1615030174,1,1,1,1,06-03-21,1,0,1300,1,1,1,0,22,0
1,4280,1615030209,1,1,1,1,06-03-21,1,0,1300,1,1,1,0,22,0
1,4281,1615030233,1,1,1,1,06-03-21,1,0,1300,1,1,1,0,22,0
1,4282,1615030255,1,1,1,1,06-03-21,1,0,1300,1,1,1,0,22,0
1,4283,1615030294,1,1,1,1,06-03-21,1,0,1300,1,1,1,0,22,0
1,4284,1615030331,1,1,1,1,06-03-21,1,0,1300,1,1,1,0,22,0
1,4285,1615030370,1,1,1,1,06-03-21,1,0,1300,1,1,1,0,22,0
1,4286,1615030378,1,1,1,1,06-03-21,1,0,1300,1,1,1,0,22,0
1,4287,1615030388,1,1,1,1,06-03-21,1,0,1300,1,1,1,0,22,0
1,4288,1615030415,1,1,1,1,06-03-21,1,0,1300,1,1,1,0,22,0
1,4289,1615030436,1,1,1,1,06-03-21,1,0,1300,1,1,1,0,22,0
1,4290,1615030507,1,1,1,1,06-03-21,1,0,1300,1,1,1,0,22,0
1,4291,1615030522,1,1,1,1,06-03-21,1,0,1300,1,1,1,0,22,0
1,4292,1615030560,1,1,1,1,06-03-21,1,0,1300,1,1,1,0,22,0
1,4293,1615030588,1,1,1,1,06-03-21,1,0,1300,1,1,1,0,22,0
1,4294,1615030604,1,1,1,1,06-03-21,1,0,1300,1,1,1,0,22,0
1,4295,1615030628,1,1,1,1,06-03-21,1,0,1300,1,1,1,0,22,0
1,4296,1615030644,1,1,1,1,06-03-21,1,0,1300,1,1,1,0,22,0
1,4297,1615030672,1,1,1,1,06-03-21,1,0,1300,1,1,1,0,22,0
1,4298,1615030700,1,1,1,1,06-03-21,1,0,1300,1,1,1,0,22,0
1,4299,1615030716,1,1,1,1,06-03-21,1,0,1300,1,1,1,0,22,0
1,4300,1615030749,1,1,1,1,06-03-21,1,0,1300,1,1,1,0,22,0
1,4301,1615030774,1,1,1,1,06-03-21,1,0,1300,1,1,1,0,22,0
1,4302,1615030803,1,1,1,1,06-03-21,1,0,1300,1,1,1,0,22,0
1,4303,1615031023,1,1,1,1,06-03-21,1,0,1300,1,1,1,0,22,0
1,4304,1615031049,1,1,1,1,06-03-21,1,0,1300,1,1,1,0,22,0
1,4305,1615031064,1,1,1,1,06-03-21,1,0,1300,1,1,1,0,22,0
1,4306,1615031081,1,1,1,1,06-03-21,1,0,1300,1,1,1,0,22,0
1,4307,1615031116,1,1,1,1,06-03-21,1,0,1300,1,1,1,0,22,0
1,4308,1615031145,1,1,1,1,06-03-21,1,0,1300,1,1,1,0,22,0
1,4309,1615031171,1,1,1,1,06-03-21,1,0,1300,1,1,1,0,22,0
1,4310,1615031189,1,1,1,1,06-03-21,1,0,1300,1,1,1,0,22,0
1,4311,1615031212,1,1,1,1,06-03-21,1,0,1300,1,1,1,0,22,0
1,4312,1615031230,1,1,1,1,06-03-21,1,0,1300,1,1,1,0,22,0
1,4313,1615031262,1,1,1,1,06-03-21,1,0,1300,1,1,1,0,22,0
1,4314,1615031280,1,1,1,1,06-03-21,1,0,1300,1,1,1,0,22,0
1,4315,1615031300,1,1,1,1,06-03-21,1,0,1300,1,1,1,0,22,0
1,4316,1615031340,1,1,1,1,06-03-21,1,0,1300,1,1,1,0,22,0
1,4317,1615031364,1,1,1,1,06-03-21,1,0,1300,1,1,1,0,22,0
1,4318,1615031381,1,1,1,1,06-03-21,1,0,1300,1,1,1,0,22,0
1,4319,1615031409,1,1,1,1,06-03-21,1,0,1300,1,1,1,0,22,0
1,4320,1615031432,1,1,1,1,06-03-21,1,0,1300,1,1,1,0,22,0
1,4321,1615031455,1,1,1,1,06-03-21,1,0,1300,1,1,1,0,22,0
1,4322,1615031485,1,1,1,1,06-03-21,1,0,1300,1,1,1,0,22,0
1,4323,1615031510,1,1,1,1,06-03-21,1,0,1300,1,1,1,0,22,0
1,4324,1615031541,1,1,1,1,06-03-21,1,0,1300,1,1,1,0,22,0
1,4325,1615031555,1,1,1,1,06-03-21,1,0,1300,1,1,1,0,22,0
1,4326,1615031582,1,1,1,1,06-03-21,1,0,1300,1,1,1,0,22,0
1,4327,1615031612,1,1,1,1,06-03-21,1,0,1300,1,1,1,0,22,0
1,4328,1615031641,1,1,1,1,06-03-21,1,0,1300,1,1,1,0,22,0
1,4329,1615031669,1,1,1,1,06-03-21,1,0,1300,1,1,1,0,22,0
1,4330,1615031695,1,1,1,1,06-03-21,1,0,1300,1,1,1,0,22,0
1,4331,1615031719,1,1,1,1,06-03-21,1,0,1300,1,1,1,0,22,0
1,4332,1615031735,1,1,1,1,06-03-21,1,0,1300,1,1,1,0,22,0
1,4333,1615031762,1,1,1,1,06-03-21,1,0,1300,1,1,1,0,22,0
1,4334,1615031786,1,1,1,1,06-03-21,1,0,1300,1,1,1,0,22,0
1,4335,1615031811,1,1,1,1,06-03-21,1,0,1300,1,1,1,0,22,0
1,4336,1615031826,1,1,1,1,06-03-21,1,0,1300,1,1,1,0,22,0
1,4337,1615031844,1,1,1,1,06-03-21,1,0,1300,1,1,1,0,22,0
1,4338,1615031874,1,1,1,1,06-03-21,1,0,1300,1,1,1,0,22,0
1,4339,1615031890,1,1,1,1,06-03-21,1,0,1300,1,1,1,0,22,0
1,4340,1615031916,1,1,1,1,06-03-21,1,0,1300,1,1,1,0,22,0
1,4341,1615031931,1,1,1,1,06-03-21,1,0,1300,1,1,1,0,22,0
1,4342,1615031972,1,1,1,1,06-03-21,1,0,1300,1,1,1,0,22,0
1,4343,1615031994,1,1,1,1,06-03-21,1,0,1300,1,1,1,0,22,0
1,4344,1615032017,1,1,1,1,06-03-21,1,0,1300,1,1,1,0,22,0
1,4345,1615032040,1,1,1,1,06-03-21,1,0,1300,1,1,1,0,22,0
1,4346,1615032055,1,1,1,1,06-03-21,1,0,1300,1,1,1,0,22,0
1,4347,1615032064,1,1,1,1,06-03-21,1,0,1300,1,1,1,0,22,0
1,4348,1615032092,1,1,1,1,06-03-21,1,0,1300,1,1,1,0,22,0
1,4349,1615032108,1,1,1,1,06-03-21,1,0,1300,1,1,1,0,22,0
1,4350,1615032124,1,1,1,1,06-03-21,1,0,1300,1,1,1,0,22,0
1,4351,1615032142,1,1,1,1,06-03-21,1,0,1300,1,1,1,0,22,0
1,4352,1615032160,1,1,1,1,06-03-21,1,0,1300,1,1,1,0,22,0
1,4353,1615032181,1,1,1,1,06-03-21,1,0,1300,1,1,1,0,22,0
1,4354,1615032211,1,1,1,1,06-03-21,1,0,1300,1,1,1,0,22,0
1,4355,1615032268,1,1,1,1,06-03-21,1,0,1300,1,1,1,0,22,0
1,4356,1615032285,1,1,1,1,06-03-21,1,0,1300,1,1,1,0,22,0
1,4357,1615032317,1,1,1,1,06-03-21,1,0,1300,1,1,1,0,22,0
1,4358,1615032335,1,1,1,1,06-03-21,1,0,1300,1,1,1,0,22,0
1,4359,1615032353,1,1,1,1,06-03-21,1,0,1300,1,1,1,0,22,0
1,4360,1615032370,1,1,1,1,06-03-21,1,0,1300,1,1,1,0,22,0
1,4361,1615032399,1,1,1,1,06-03-21,1,0,1300,1,1,1,0,22,0
1,4362,1615032434,1,1,1,1,06-03-21,1,0,1300,1,1,1,0,22,0
1,4363,1615032449,1,1,1,1,06-03-21,1,0,1300,1,1,1,0,22,0
1,4364,1615032465,1,1,1,1,06-03-21,1,0,1300,1,1,1,0,22,0
1,4365,1615032472,1,1,1,1,06-03-21,1,0,1300,1,1,1,0,22,0
1,4366,1615032488,1,1,1,1,06-03-21,1,0,1300,1,1,1,0,22,0
1,4367,1615032505,1,1,1,1,06-03-21,1,0,1300,1,1,1,0,22,0
1,4368,1615032530,1,1,1,1,06-03-21,1,0,1300,1,1,1,0,22,0
1,4369,1615032549,1,1,1,1,06-03-21,1,0,1300,1,1,1,0,22,0
1,4370,1615032594,1,1,1,1,06-03-21,1,0,1300,1,1,1,0,22,0
1,4371,1615032623,1,1,1,1,06-03-21,1,0,1300,1,1,1,0,22,0
1,4372,1615032640,1,1,1,1,06-03-21,1,0,1300,1,1,1,0,22,0
1,4373,1615032649,1,1,1,1,06-03-21,1,0,1300,1,1,1,0,22,0
1,4374,1615032656,1,1,1,1,06-03-21,1,0,1300,1,1,1,0,22,0
1,4375,1615032663,1,1,1,1,06-03-21,1,0,1300,1,1,1,0,22,0
1,4376,1615032669,1,1,1,1,06-03-21,1,0,1300,1,1,1,0,22,0
1,4377,1615032700,1,1,1,1,06-03-21,1,0,1300,1,1,1,0,22,0
1,4378,1615032735,1,1,1,1,06-03-21,1,0,1300,1,1,1,0,22,0
1,4379,1615032746,1,1,1,1,06-03-21,1,0,1300,1,1,1,0,22,0
1,4380,1615032775,1,1,1,1,06-03-21,1,0,1300,1,1,1,0,22,0
1,4381,1615032804,1,1,1,1,06-03-21,1,0,1300,1,1,1,0,22,0
1,4382,1615032823,1,1,1,1,06-03-21,1,0,1300,1,1,1,0,22,0
1,4383,1615032840,1,1,1,1,06-03-21,1,0,1300,1,1,1,0,22,0
1,4384,1615032868,1,1,1,1,06-03-21,1,0,1300,1,1,1,0,22,0
1,4385,1615033004,1,1,1,1,06-03-21,1,0,1300,1,1,1,0,22,0
1,4386,1615033033,1,1,1,1,06-03-21,1,0,1300,1,1,1,0,22,0
1,4387,1615033050,1,1,1,1,06-03-21,1,0,1300,1,1,1,0,22,0
1,4388,1615033061,1,1,1,1,06-03-21,1,0,1300,1,1,1,0,22,0
1,4389,1615033125,1,1,1,1,06-03-21,1,0,1300,1,1,1,0,22,0
1,4390,1615033148,1,1,1,1,06-03-21,1,0,1300,1,1,1,0,22,0
1,4391,1615033166,1,1,1,1,06-03-21,1,0,1300,1,1,1,0,22,0
1,4392,1615033183,1,1,1,1,06-03-21,1,0,1300,1,1,1,0,22,0
1,4393,1615033199,1,1,1,1,06-03-21,1,0,1300,1,1,1,0,22,0
1,4394,1615033217,1,1,1,1,06-03-21,1,0,1300,1,1,1,0,22,0
1,4395,1615033241,1,1,1,1,06-03-21,1,0,1300,1,1,1,0,22,0
1,4396,1615033275,1,1,1,1,06-03-21,1,0,1300,1,1,1,0,22,0
1,4397,1615033281,1,1,1,1,06-03-21,1,0,1300,1,1,1,0,22,0
1,4398,1615033325,1,1,1,1,06-03-21,1,0,1300,1,1,1,0,22,0
1,4399,1615033352,1,1,1,1,06-03-21,1,0,1300,1,1,1,0,22,0
1,4400,1615033366,1,1,1,1,06-03-21,1,0,1300,1,1,1,0,22,0
1,4401,1615033373,1,1,1,1,06-03-21,1,0,1300,1,1,1,0,22,0
1,4402,1615033395,1,1,1,1,06-03-21,1,0,1300,1,1,1,0,22,0
1,4403,1615033401,1,1,1,1,06-03-21,1,0,1300,1,1,1,0,22,0
1,4404,1615033409,1,1,1,1,06-03-21,1,0,1300,1,1,1,0,22,0
1,4405,1615033457,1,1,1,1,06-03-21,1,0,1300,1,1,1,0,22,0
1,4406,1615033477,1,1,1,1,06-03-21,1,0,1300,1,1,1,0,22,0
1,4407,1615033497,1,1,1,1,06-03-21,1,0,1300,1,1,1,0,22,0
1,4408,1615033525,1,1,1,1,06-03-21,1,0,1300,1,1,1,0,22,0
1,4409,1615033543,1,1,1,1,06-03-21,1,0,1300,1,1,1,0,22,0
1,4410,1615033568,1,1,1,1,06-03-21,1,0,1300,1,1,1,0,22,0
1,4411,1615033598,1,1,1,1,06-03-21,1,0,1300,1,1,1,0,22,0
1,4412,1615033616,1,1,1,1,06-03-21,1,0,1300,1,1,1,0,22,0
1,4413,1615033633,1,1,1,1,06-03-21,1,0,1300,1,1,1,0,22,0
1,4414,1615033642,1,1,1,1,06-03-21,1,0,1300,1,1,1,0,22,0
1,4415,1615033680,1,1,1,1,06-03-21,1,0,1300,1,1,1,0,22,0
1,4416,1615033704,1,1,1,1,06-03-21,1,0,1300,1,1,1,0,22,0
1,4417,1615033725,1,1,1,1,06-03-21,1,0,1300,1,1,1,0,22,0
1,4418,1615033741,1,1,1,1,06-03-21,1,0,1300,1,1,1,0,22,0
1,4419,1615033754,1,1,1,1,06-03-21,1,0,1300,1,1,1,0,22,0
1,4420,1615033788,1,1,1,1,06-03-21,1,0,1300,1,1,1,0,22,0
1,4421,1615033804,1,1,1,1,06-03-21,1,0,1300,1,1,1,0,22,0
1,4422,1615033853,1,1,1,1,06-03-21,1,0,1300,1,1,1,0,22,0
1,4423,1615033886,1,1,1,1,06-03-21,1,0,1300,1,1,1,0,22,0
1,4424,1615033916,1,1,1,1,06-03-21,1,0,1300,1,1,1,0,22,0
1,4425,1615033945,1,1,1,1,06-03-21,1,0,1300,1,1,1,0,22,0
1,4426,1615033975,1,1,1,1,06-03-21,1,0,1300,1,1,1,0,22,0
1,4427,1615034004,1,1,1,1,06-03-21,1,0,1300,1,1,1,0,22,0
1,4428,1615034035,1,1,1,1,06-03-21,1,0,1300,1,1,1,0,22,0
1,4429,1615034061,1,1,1,1,06-03-21,1,0,1300,1,1,1,0,22,0
1,4430,1615034078,1,1,1,1,06-03-21,1,0,1300,1,1,1,0,22,0
1,4431,1615034105,1,1,1,1,06-03-21,1,0,1300,1,1,1,0,22,0
1,4432,1615034120,1,1,1,1,06-03-21,1,0,1300,1,1,1,0,22,0
1,4433,1615034139,1,1,1,1,06-03-21,1,0,1300,1,1,1,0,22,0
1,4434,1615034163,1,1,1,1,06-03-21,1,0,1300,1,1,1,0,22,0
1,4435,1615034171,1,1,1,1,06-03-21,1,0,1300,1,1,1,0,22,0
1,4436,1615034224,1,1,1,1,06-03-21,1,0,1300,1,1,1,0,22,0
1,4437,1615034246,1,1,1,1,06-03-21,1,0,1300,1,1,1,0,22,0
1,4438,1615034266,1,1,1,1,06-03-21,1,0,1300,1,1,1,0,22,0
1,4439,1615034285,1,1,1,1,06-03-21,1,0,1300,1,1,1,0,22,0
1,4440,1615034310,1,1,1,1,06-03-21,1,0,1300,1,1,1,0,22,0
1,4441,1615034338,1,1,1,1,06-03-21,1,0,1300,1,1,1,0,22,0
1,4442,1615034370,1,1,1,1,06-03-21,1,0,1300,1,1,1,0,22,0
1,4443,1615034393,1,1,1,1,06-03-21,1,0,1300,1,1,1,0,22,0
1,4444,1615034421,1,1,1,1,06-03-21,1,0,1300,1,1,1,0,22,0
1,4445,1615034439,1,1,1,1,06-03-21,1,0,1300,1,1,1,0,22,0
1,4446,1615034516,1,1,1,1,06-03-21,1,0,1300,1,1,1,0,22,0
1,4447,1615034551,1,1,1,1,06-03-21,1,0,1300,1,1,1,0,22,0
1,4448,1615034586,1,1,1,1,06-03-21,1,0,1300,1,1,1,0,22,0
1,4449,1615034629,1,1,1,1,06-03-21,1,0,1300,1,1,1,0,22,0
1,4450,1615034658,1,1,1,1,06-03-21,1,0,1300,1,1,1,0,22,0
1,4451,1615034684,1,1,1,1,06-03-21,1,0,1300,1,1,1,0,22,0
1,4452,1615034713,1,1,1,1,06-03-21,1,0,1300,1,1,1,0,22,0
1,4453,1615034741,1,1,1,1,06-03-21,1,0,1300,1,1,1,0,22,0
1,4454,1615034804,1,1,1,1,06-03-21,1,0,1300,1,1,1,0,22,0
1,4455,1615034837,1,1,1,1,06-03-21,1,0,1300,1,1,1,0,22,0
1,4456,1615034880,1,1,1,1,06-03-21,1,0,1300,1,1,1,0,22,0
1,4457,1615034913,1,1,1,1,06-03-21,1,0,1300,1,1,1,0,22,0
1,4458,1615034968,1,1,1,1,06-03-21,1,0,1300,1,1,1,0,22,0
1,4459,1615035000,1,1,1,1,06-03-21,1,0,1300,1,1,1,0,22,0
1,4460,1615035029,1,1,1,1,06-03-21,1,0,1300,1,1,1,0,22,0
1,4461,1615035049,1,1,1,1,06-03-21,1,0,1300,1,1,1,0,22,0
1,4462,1615035091,1,1,1,1,06-03-21,1,0,1300,1,1,1,0,22,0
1,4463,1615035148,1,1,1,1,06-03-21,1,0,1300,1,1,1,0,22,0
1,4464,1615035191,1,1,1,1,06-03-21,1,0,1300,1,1,1,0,22,0
1,4465,1615035222,1,1,1,1,06-03-21,1,0,1300,1,1,1,0,22,0
1,4466,1615035255,1,1,1,1,06-03-21,1,0,1300,1,1,1,0,22,0
1,4467,1615035261,1,1,1,1,06-03-21,1,0,1300,1,1,1,0,22,0
1,4468,1615035312,1,1,1,1,06-03-21,1,0,1300,1,1,1,0,22,0
1,4469,1615035395,1,1,1,1,06-03-21,1,0,1300,1,1,1,0,22,0
1,4470,1615035412,1,1,1,1,06-03-21,1,0,1300,1,1,1,0,22,0
1,4471,1615035439,1,1,1,1,06-03-21,1,0,1300,1,1,1,0,22,0
1,4472,1615035457,1,1,1,1,06-03-21,1,0,1300,1,1,1,0,22,0
1,4473,1615035502,1,1,1,1,06-03-21,1,0,1300,1,1,1,0,22,0
1,4474,1615035528,1,1,1,1,06-03-21,1,0,1300,1,1,1,0,22,0
1,4475,1615035554,1,1,1,1,06-03-21,1,0,1300,1,1,1,0,22,0
1,4476,1615035565,1,1,1,1,06-03-21,1,0,1300,1,1,1,0,22,0
1,4477,1615035617,1,1,1,1,06-03-21,1,0,1300,1,1,1,0,22,0
1,4478,1615035661,1,1,1,1,06-03-21,1,0,1300,1,1,1,0,22,0
1,4479,1615035689,1,1,1,1,06-03-21,1,0,1300,1,1,1,0,22,0
1,4480,1615035705,1,1,1,1,06-03-21,1,0,1300,1,1,1,0,22,0
1,4481,1615035743,1,1,1,1,06-03-21,1,0,1300,1,1,1,0,22,0
1,4482,1615035762,1,1,1,1,06-03-21,1,0,1300,1,1,1,0,22,0
1,4483,1615036079,1,1,1,1,06-03-21,1,0,1300,1,1,1,0,22,0
1,4484,1615036123,1,1,1,1,06-03-21,1,0,1300,1,1,1,0,22,0
1,4485,1615036147,1,1,1,1,06-03-21,1,0,1300,1,1,1,0,22,0
1,4486,1615036172,1,1,1,1,06-03-21,1,0,1300,1,1,1,0,22,0
1,4487,1615036189,1,1,1,1,06-03-21,1,0,1300,1,1,1,0,22,0
1,4488,1615036224,1,1,1,1,06-03-21,1,0,1300,1,1,1,0,22,0
1,4489,1615036241,1,1,1,1,06-03-21,1,0,1300,1,1,1,0,22,0
1,4490,1615036261,1,1,1,1,06-03-21,1,0,1300,1,1,1,0,22,0
1,4491,1615036286,1,1,1,1,06-03-21,1,0,1300,1,1,1,0,22,0
1,4492,1615036312,1,1,1,1,06-03-21,1,0,1300,1,1,1,0,22,0
1,4493,1615036340,1,1,1,1,06-03-21,1,0,1300,1,1,1,0,22,0
1,4494,1615036375,1,1,1,1,06-03-21,1,0,1300,1,1,1,0,22,0
1,4495,1615036408,1,1,1,1,06-03-21,1,0,1300,1,1,1,0,22,0
1,4496,1615036433,1,1,1,1,06-03-21,1,0,1300,1,1,1,0,22,0
1,4497,1615036442,1,1,1,1,06-03-21,1,0,1300,1,1,1,0,22,0
1,4498,1615036481,1,1,1,1,06-03-21,1,0,1300,1,1,1,0,22,0
1,4499,1615036510,1,1,1,1,06-03-21,1,0,1300,1,1,1,0,22,0
1,4500,1615036545,1,1,1,1,06-03-21,1,0,1300,1,1,1,0,22,0
1,4501,1615036573,1,1,1,1,06-03-21,1,0,1300,1,1,1,0,22,0
1,4502,1615036588,1,1,1,1,06-03-21,1,0,1300,1,1,1,0,22,0
1,4503,1615036615,1,1,1,1,06-03-21,1,0,1300,1,1,1,0,22,0
1,4504,1615036638,1,1,1,1,06-03-21,1,0,1300,1,1,1,0,22,0
1,4505,1615036654,1,1,1,1,06-03-21,1,0,1300,1,1,1,0,22,0
1,4506,1615036681,1,1,1,1,06-03-21,1,0,1300,1,1,1,0,22,0
1,4507,1615036706,1,1,1,1,06-03-21,1,0,1300,1,1,1,0,22,0
1,4508,1615036795,1,1,1,1,06-03-21,1,0,1300,1,1,1,0,22,0
1,4509,1615036802,1,1,1,1,06-03-21,1,0,1300,1,1,1,0,22,0
1,4510,1615036819,1,1,1,1,06-03-21,1,0,1300,1,1,1,0,22,0
1,4511,1615036837,1,1,1,1,06-03-21,1,0,1300,1,1,1,0,22,0
1,4512,1615036872,1,1,1,1,06-03-21,1,0,1300,1,1,1,0,22,0
1,4513,1615036900,1,1,1,1,06-03-21,1,0,1300,1,1,1,0,22,0
1,4514,1615036927,1,1,1,1,06-03-21,1,0,1300,1,1,1,0,22,0
1,4515,1615036954,1,1,1,1,06-03-21,1,0,1300,1,1,1,0,22,0
1,4516,1615036976,1,1,1,1,06-03-21,1,0,1300,1,1,1,0,22,0
1,4517,1615037017,1,1,1,1,06-03-21,1,0,1300,1,1,1,0,22,0
1,4518,1615037045,1,1,1,1,06-03-21,1,0,1300,1,1,1,0,22,0
1,4519,1615037069,1,1,1,1,06-03-21,1,0,1300,1,1,1,0,22,0
1,4520,1615037085,1,1,1,1,06-03-21,1,0,1300,1,1,1,0,22,0
1,4521,1615037157,1,1,1,1,06-03-21,1,0,1300,1,1,1,0,22,0
1,4522,1615037204,1,1,1,1,06-03-21,1,0,1300,1,1,1,0,22,0
1,4523,1615037223,1,1,1,1,06-03-21,1,0,1300,1,1,1,0,22,0
1,4524,1615037242,1,1,1,1,06-03-21,1,0,1300,1,1,1,0,22,0
1,4525,1615037260,1,1,1,1,06-03-21,1,0,1300,1,1,1,0,22,0
1,4526,1615037287,1,1,1,1,06-03-21,1,0,1300,1,1,1,0,22,0
1,4527,1615037304,1,1,1,1,06-03-21,1,0,1300,1,1,1,0,22,0
1,4528,1615037339,1,1,1,1,06-03-21,1,0,1300,1,1,1,0,22,0
1,4529,1615037371,1,1,1,1,06-03-21,1,0,1300,1,1,1,0,22,0
1,4530,1615037410,1,1,1,1,06-03-21,1,0,1300,1,1,1,0,22,0
1,4531,1615037434,1,1,1,1,06-03-21,1,0,1300,1,1,1,0,22,0
1,4532,1615037454,1,1,1,1,06-03-21,1,0,1300,1,1,1,0,22,0
1,4533,1615037487,1,1,1,1,06-03-21,1,0,1300,1,1,1,0,22,0
1,4534,1615037517,1,1,1,1,06-03-21,1,0,1300,1,1,1,0,22,0
1,4535,1615037531,1,1,1,1,06-03-21,1,0,1300,1,1,1,0,22,0
1,4536,1615037564,1,1,1,1,06-03-21,1,0,1300,1,1,1,0,22,0
1,4537,1615037595,1,1,1,1,06-03-21,1,0,1300,1,1,1,0,22,0
1,4538,1615037612,1,1,1,1,06-03-21,1,0,1300,1,1,1,0,22,0
1,4539,1615037632,1,1,1,1,06-03-21,1,0,1300,1,1,1,0,22,0
1,4540,1615037664,1,1,1,1,06-03-21,1,0,1300,1,1,1,0,22,0
1,4541,1615037684,1,1,1,1,06-03-21,1,0,1300,1,1,1,0,22,0
1,4542,1615037701,1,1,1,1,06-03-21,1,0,1300,1,1,1,0,22,0
1,4543,1615037720,1,1,1,1,06-03-21,1,0,1300,1,1,1,0,22,0
1,4544,1615037738,1,1,1,1,06-03-21,1,0,1300,1,1,1,0,22,0
1,4545,1615037762,1,1,1,1,06-03-21,1,0,1300,1,1,1,0,22,0
1,4546,1615037780,1,1,1,1,06-03-21,1,0,1300,1,1,1,0,22,0
1,4547,1615037801,1,1,1,1,06-03-21,1,0,1300,1,1,1,0,22,0
1,4548,1615037818,1,1,1,1,06-03-21,1,0,1300,1,1,1,0,22,0
1,4549,1615037825,1,1,1,1,06-03-21,1,0,1300,1,1,1,0,22,0
1,4550,1615037860,1,1,1,1,06-03-21,1,0,1300,1,1,1,0,22,0
1,4551,1615037881,1,1,1,1,06-03-21,1,0,1300,1,1,1,0,22,0
1,4552,1615037909,1,1,1,1,06-03-21,1,0,1300,1,1,1,0,22,0
1,4553,1615037946,1,1,1,1,06-03-21,1,0,1300,1,1,1,0,22,0
1,4554,1615037981,1,1,1,1,06-03-21,1,0,1300,1,1,1,0,22,0
1,4555,1615037996,1,1,1,1,06-03-21,1,0,1300,1,1,1,0,22,0
1,4556,1615038024,1,1,1,1,06-03-21,1,0,1300,1,1,1,0,22,0
1,4557,1615038039,1,1,1,1,06-03-21,1,0,1300,1,1,1,0,22,0
1,4558,1615038063,1,1,1,1,06-03-21,1,0,1300,1,1,1,0,22,0
1,4559,1615038090,1,1,1,1,06-03-21,1,0,1300,1,1,1,0,22,0
1,4560,1615038110,1,1,1,1,06-03-21,1,0,1300,1,1,1,0,22,0
1,4561,1615038144,1,1,1,1,06-03-21,1,0,1300,1,1,1,0,22,0
1,4562,1615038174,1,1,1,1,06-03-21,1,0,1300,1,1,1,0,22,0
1,4563,1615038191,1,1,1,1,06-03-21,1,0,1300,1,1,1,0,22,0
1,4564,1615038199,1,1,1,1,06-03-21,1,0,1300,1,1,1,0,22,0
1,4565,1615038229,1,1,1,1,06-03-21,1,0,1300,1,1,1,0,22,0
1,4566,1615038258,1,1,1,1,06-03-21,1,0,1300,1,1,1,0,22,0
1,4567,1615038286,1,1,1,1,06-03-21,1,0,1300,1,1,1,0,22,0
1,4568,1615038311,1,1,1,1,06-03-21,1,0,1300,1,1,1,0,22,0
1,4569,1615038334,1,1,1,1,06-03-21,1,0,1300,1,1,1,0,22,0
1,4570,1615038350,1,1,1,1,06-03-21,1,0,1300,1,1,1,0,22,0
1,4571,1615038375,1,1,1,1,06-03-21,1,0,1300,1,1,1,0,22,0
1,4572,1615038391,1,1,1,1,06-03-21,1,0,1300,1,1,1,0,22,0
1,4573,1615038413,1,1,1,1,06-03-21,1,0,1300,1,1,1,0,22,0
1,4574,1615038453,1,1,1,1,06-03-21,1,0,1300,1,1,1,0,22,0
1,4575,1615038485,1,1,1,1,06-03-21,1,0,1300,1,1,1,0,22,0
1,4576,1615038517,1,1,1,1,06-03-21,1,0,1300,1,1,1,0,22,0
1,4577,1615038532,1,1,1,1,06-03-21,1,0,1300,1,1,1,0,22,0
1,4578,1615038562,1,1,1,1,06-03-21,1,0,1300,1,1,1,0,22,0
1,4579,1615038585,1,1,1,1,06-03-21,1,0,1300,1,1,1,0,22,0
1,4580,1615038631,1,1,1,1,06-03-21,1,0,1300,1,1,1,0,22,0
1,4581,1615038672,1,1,1,1,06-03-21,1,0,1300,1,1,1,0,22,0
1,4582,1615038704,1,1,1,1,06-03-21,1,0,1300,1,1,1,0,22,0
1,4583,1615038734,1,1,1,1,06-03-21,1,0,1300,1,1,1,0,22,0
1,4584,1615038750,1,1,1,1,06-03-21,1,0,1300,1,1,1,0,22,0
1,4585,1615038767,1,1,1,1,06-03-21,1,0,1300,1,1,1,0,22,0
1,4586,1615038783,1,1,1,1,06-03-21,1,0,1300,1,1,1,0,22,0
1,4587,1615038802,1,1,1,1,06-03-21,1,0,1300,1,1,1,0,22,0
1,4588,1615038832,1,1,1,1,06-03-21,1,0,1300,1,1,1,0,22,0
1,4589,1615038863,1,1,1,1,06-03-21,1,0,1300,1,1,1,0,22,0
1,4590,1615038897,1,1,1,1,06-03-21,1,0,1300,1,1,1,0,22,0
1,4591,1615038930,1,1,1,1,06-03-21,1,0,1300,1,1,1,0,22,0
1,4592,1615038962,1,1,1,1,06-03-21,1,0,1300,1,1,1,0,22,0
1,4593,1615038990,1,1,1,1,06-03-21,1,0,1300,1,1,1,0,22,0
1,4594,1615039019,1,1,1,1,06-03-21,1,0,1300,1,1,1,0,22,0
1,4595,1615039046,1,1,1,1,06-03-21,1,0,1300,1,1,1,0,22,0
1,4596,1615039062,1,1,1,1,06-03-21,1,0,1300,1,1,1,0,22,0
1,4597,1615039115,1,1,1,1,06-03-21,1,0,1300,1,1,1,0,22,0
1,4598,1615039140,1,1,1,1,06-03-21,1,0,1300,1,1,1,0,22,0
1,4599,1615039175,1,1,1,1,06-03-21,1,0,1300,1,1,1,0,22,0
1,4600,1615039204,1,1,1,1,06-03-21,1,0,1300,1,1,1,0,22,0
1,4601,1615039240,1,1,1,1,06-03-21,1,0,1300,1,1,1,0,22,0
1,4602,1615039268,1,1,1,1,06-03-21,1,0,1300,1,1,1,0,22,0
1,4603,1615039295,1,1,1,1,06-03-21,1,0,1300,1,1,1,0,22,0
1,4604,1615039327,1,1,1,1,06-03-21,1,0,1300,1,1,1,0,22,0
1,4605,1615039357,1,1,1,1,06-03-21,1,0,1300,1,1,1,0,22,0
1,4606,1615039374,1,1,1,1,06-03-21,1,0,1300,1,1,1,0,22,0
1,4607,1615039433,1,1,1,1,06-03-21,1,0,1300,1,1,1,0,22,0
1,4608,1615039460,1,1,1,1,06-03-21,1,0,1300,1,1,1,0,22,0
1,4609,1615039488,1,1,1,1,06-03-21,1,0,1300,1,1,1,0,22,0
1,4610,1615039513,1,1,1,1,06-03-21,1,0,1300,1,1,1,0,22,0
1,4611,1615039530,1,1,1,1,06-03-21,1,0,1300,1,1,1,0,22,0
1,4612,1615039563,1,1,1,1,06-03-21,1,0,1300,1,1,1,0,22,0
1,4613,1615039588,1,1,1,1,06-03-21,1,0,1300,1,1,1,0,22,0
1,4614,1615039607,1,1,1,1,06-03-21,1,0,1300,1,1,1,0,22,0
1,4615,1615039634,1,1,1,1,06-03-21,1,0,1300,1,1,1,0,22,0
1,4616,1615039642,1,1,1,1,06-03-21,1,0,1300,1,1,1,0,22,0
1,4617,1615039659,1,1,1,1,06-03-21,1,0,1300,1,1,1,0,22,0
1,4618,1615039688,1,1,1,1,06-03-21,1,0,1300,1,1,1,0,22,0
1,4619,1615039711,1,1,1,1,06-03-21,1,0,1300,1,1,1,0,22,0
1,4620,1615039765,1,1,1,1,06-03-21,1,0,1300,1,1,1,0,22,0
1,4621,1615039781,1,1,1,1,06-03-21,1,0,1300,1,1,1,0,22,0
1,4622,1615039807,1,1,1,1,06-03-21,1,0,1300,1,1,1,0,22,0
1,4623,1615039860,1,1,1,1,06-03-21,1,0,1300,1,1,1,0,22,0
1,4624,1615039881,1,1,1,1,06-03-21,1,0,1300,1,1,1,0,22,0
1,4625,1615039910,1,1,1,1,06-03-21,1,0,1300,1,1,1,0,22,0
1,4626,1615039949,1,1,1,1,06-03-21,1,0,1300,1,1,1,0,22,0
1,4627,1615039965,1,1,1,1,06-03-21,1,0,1300,1,1,1,0,22,0
1,4628,1615040043,1,1,1,1,06-03-21,1,0,1300,1,1,1,0,22,0
1,4629,1615040067,1,1,1,1,06-03-21,1,0,1300,1,1,1,0,22,0
1,4630,1615040091,1,1,1,1,06-03-21,1,0,1300,1,1,1,0,22,0
1,4631,1615040098,1,1,1,1,06-03-21,1,0,1300,1,1,1,0,22,0
1,4632,1615040104,1,1,1,1,06-03-21,1,0,1300,1,1,1,0,22,0
1,4633,1615040132,1,1,1,1,06-03-21,1,0,1300,1,1,1,0,22,0
1,4634,1615040164,1,1,1,1,06-03-21,1,0,1300,1,1,1,0,22,0
1,4635,1615040180,1,1,1,1,06-03-21,1,0,1300,1,1,1,0,22,0
1,4636,1615040199,1,1,1,1,06-03-21,1,0,1300,1,1,1,0,22,0
1,4637,1615040249,1,1,1,1,06-03-21,1,0,1300,1,1,1,0,22,0
1,4638,1615040268,1,1,1,1,06-03-21,1,0,1300,1,1,1,0,22,0
1,4639,1615040283,1,1,1,1,06-03-21,1,0,1300,1,1,1,0,22,0
1,4640,1615040302,1,1,1,1,06-03-21,1,0,1300,1,1,1,0,22,0
1,4641,1615040333,1,1,1,1,06-03-21,1,0,1300,1,1,1,0,22,0
1,4642,1615040375,1,1,1,1,06-03-21,1,0,1300,1,1,1,0,22,0
1,4643,1615040432,1,1,1,1,06-03-21,1,0,1300,1,1,1,0,22,0
1,4644,1615040516,1,1,1,1,06-03-21,1,0,1300,1,1,1,0,22,0
1,4645,1615040542,1,1,1,1,06-03-21,1,0,1300,1,1,1,0,22,0
1,4646,1615040587,1,1,1,1,06-03-21,1,0,1300,1,1,1,0,22,0
1,4647,1615040604,1,1,1,1,06-03-21,1,0,1300,1,1,1,0,22,0
1,4648,1615040667,1,1,1,1,06-03-21,1,0,1300,1,1,1,0,22,0
1,4649,1615040704,1,1,1,1,06-03-21,1,0,1300,1,1,1,0,22,0
1,4650,1615040730,1,1,1,1,06-03-21,1,0,1300,1,1,1,0,22,0
1,4651,1615040764,1,1,1,1,06-03-21,1,0,1300,1,1,1,0,22,0
1,4652,1615040808,1,1,1,1,06-03-21,1,0,1300,1,1,1,0,22,0
1,4653,1615040815,1,1,1,1,06-03-21,1,0,1300,1,1,1,0,22,0
1,4654,1615040905,1,1,1,1,06-03-21,1,0,1300,1,1,1,0,22,0
1,4655,1615040942,1,1,1,1,06-03-21,1,0,1300,1,1,1,0,22,0
1,4656,1615040981,1,1,1,1,06-03-21,1,0,1300,1,1,1,0,22,0
1,4657,1615041006,1,1,1,1,06-03-21,1,0,1300,1,1,1,0,22,0
1,4658,1615041054,1,1,1,1,06-03-21,1,0,1300,1,1,1,0,22,0
1,4659,1615041078,1,1,1,1,06-03-21,1,0,1300,1,1,1,0,22,0
1,4660,1615041123,1,1,1,1,06-03-21,1,0,1300,1,1,1,0,22,0
1,4661,1615041149,1,1,1,1,06-03-21,1,0,1300,1,1,1,0,22,0
1,4662,1615041175,1,1,1,1,06-03-21,1,0,1300,1,1,1,0,22,0
1,4663,1615041201,1,1,1,1,06-03-21,1,0,1300,1,1,1,0,22,0
1,4664,1615041216,1,1,1,1,06-03-21,1,0,1300,1,1,1,0,22,0
1,4665,1615041245,1,1,1,1,06-03-21,1,0,1300,1,1,1,0,22,0
1,4666,1615041277,1,1,1,1,06-03-21,1,0,1300,1,1,1,0,22,0
1,4667,1615041283,1,1,1,1,06-03-21,1,0,1300,1,1,1,0,22,0
1,4668,1615041342,1,1,1,1,06-03-21,1,0,1300,1,1,1,0,22,0
1,4669,1615041374,1,1,1,1,06-03-21,1,0,1300,1,1,1,0,22,0
1,4670,1615041478,1,1,1,1,06-03-21,1,0,1300,1,1,1,0,22,0
1,4671,1615041490,1,1,1,1,06-03-21,1,0,1300,1,1,1,0,22,0
1,4672,1615041502,1,1,1,1,06-03-21,1,0,1300,1,1,1,0,22,0
1,4673,1615041536,1,1,1,1,06-03-21,1,0,1300,1,1,1,0,22,0
1,4674,1615041555,1,1,1,1,06-03-21,1,0,1300,1,1,1,0,22,0
1,4675,1615041562,1,1,1,1,06-03-21,1,0,1300,1,1,1,0,22,0
1,4676,1615041588,1,1,1,1,06-03-21,1,0,1300,1,1,1,0,22,0
1,4677,1615041618,1,1,1,1,06-03-21,1,0,1300,1,1,1,0,22,0
1,4678,1615041642,1,1,1,1,06-03-21,1,0,1300,1,1,1,0,22,0
1,4679,1615041674,1,1,1,1,06-03-21,1,0,1300,1,1,1,0,22,0
1,4680,1615041698,1,1,1,1,06-03-21,1,0,1300,1,1,1,0,22,0
1,4681,1615041713,1,1,1,1,06-03-21,1,0,1300,1,1,1,0,22,0
1,4682,1615041742,1,1,1,1,06-03-21,1,0,1300,1,1,1,0,22,0
1,4683,1615041758,1,1,1,1,06-03-21,1,0,1300,1,1,1,0,22,0
1,4684,1615041793,1,1,1,1,06-03-21,1,0,1300,1,1,1,0,22,0
1,4685,1615041826,1,1,1,1,06-03-21,1,0,1300,1,1,1,0,22,0
1,4686,1615041835,1,1,1,1,06-03-21,1,0,1300,1,1,1,0,22,0
1,4687,1615041878,1,1,1,1,06-03-21,1,0,1300,1,1,1,0,22,0
1,4688,1615041917,1,1,1,1,06-03-21,1,0,1300,1,1,1,0,22,0
1,4689,1615041969,1,1,1,1,06-03-21,1,0,1300,1,1,1,0,22,0
1,4690,1615042006,1,1,1,1,06-03-21,1,0,1300,1,1,1,0,22,0
1,4691,1615042028,1,1,1,1,06-03-21,1,0,1300,1,1,1,0,22,0
1,4692,1615042053,1,1,1,1,06-03-21,1,0,1300,1,1,1,0,22,0
1,4693,1615042092,1,1,1,1,06-03-21,1,0,1300,1,1,1,0,22,0
1,4694,1615042112,1,1,1,1,06-03-21,1,0,1300,1,1,1,0,22,0
1,4695,1615042133,1,1,1,1,06-03-21,1,0,1300,1,1,1,0,22,0
1,4696,1615042163,1,1,1,1,06-03-21,1,0,1300,1,1,1,0,22,0
1,4697,1615042184,1,1,1,1,06-03-21,1,0,1300,1,1,1,0,22,0
1,4698,1615042211,1,1,1,1,06-03-21,1,0,1300,1,1,1,0,22,0
1,4699,1615042237,1,1,1,1,06-03-21,1,0,1300,1,1,1,0,22,0
1,4700,1615042255,1,1,1,1,06-03-21,1,0,1300,1,1,1,0,22,0
1,4701,1615042293,1,1,1,1,06-03-21,1,0,1300,1,1,1,0,22,0
1,4702,1615042332,1,1,1,1,06-03-21,1,0,1300,1,1,1,0,22,0
1,4703,1615042368,1,1,1,1,06-03-21,1,0,1300,1,1,1,0,22,0
1,4704,1615042401,1,1,1,1,06-03-21,1,0,1300,1,1,1,0,22,0
1,4705,1615042423,1,1,1,1,06-03-21,1,0,1300,1,1,1,0,22,0
1,4706,1615042439,1,1,1,1,06-03-21,1,0,1300,1,1,1,0,22,0
1,4707,1615042482,1,1,1,1,06-03-21,1,0,1300,1,1,1,0,22,0
1,4708,1615042502,1,1,1,1,06-03-21,1,0,1300,1,1,1,0,22,0
1,4709,1615042534,1,1,1,1,06-03-21,1,0,1300,1,1,1,0,22,0
1,4710,1615042590,1,1,1,1,06-03-21,1,0,1300,1,1,1,0,22,0
1,4711,1615042622,1,1,1,1,06-03-21,1,0,1300,1,1,1,0,22,0
1,4712,1615042643,1,1,1,1,06-03-21,1,0,1300,1,1,1,0,22,0
1,4713,1615042671,1,1,1,1,06-03-21,1,0,1300,1,1,1,0,22,0
1,4714,1615042692,1,1,1,1,06-03-21,1,0,1300,1,1,1,0,22,0
1,4715,1615042730,1,1,1,1,06-03-21,1,0,1300,1,1,1,0,22,0
1,4716,1615042737,1,1,1,1,06-03-21,1,0,1300,1,1,1,0,22,0
1,4717,1615042743,1,1,1,1,06-03-21,1,0,1300,1,1,1,0,22,0
1,4718,1615042748,1,1,1,1,06-03-21,1,0,1300,1,1,1,0,22,0
1,4719,1615042754,1,1,1,1,06-03-21,1,0,1300,1,1,1,0,22,0
1,4720,1615044738,1,1,1,1,06-03-21,1,0,1300,1,1,1,0,22,0
1,4721,1615044798,1,1,1,1,06-03-21,1,0,1300,1,1,1,0,22,0
1,4722,1615044828,1,1,1,1,06-03-21,1,0,1300,1,1,1,0,22,0
1,4723,1615044870,1,1,1,1,06-03-21,1,0,1300,1,1,1,0,22,0
1,4724,1615044899,1,1,1,1,06-03-21,1,0,1300,1,1,1,0,22,0
1,4725,1615044932,1,1,1,1,06-03-21,1,0,1300,1,1,1,0,22,0
1,4726,1615044958,1,1,1,1,06-03-21,1,0,1300,1,1,1,0,22,0
1,4727,1615044992,1,1,1,1,06-03-21,1,0,1300,1,1,1,0,22,0
1,4728,1615045017,1,1,1,1,06-03-21,1,0,1300,1,1,1,0,22,0
1,4729,1615045055,1,1,1,1,06-03-21,1,0,1300,1,1,1,0,22,0
1,4730,1615045083,1,1,1,1,06-03-21,1,0,1300,1,1,1,0,22,0
1,4731,1615045131,1,1,1,1,06-03-21,1,0,1300,1,1,1,0,22,0
1,4732,1615045171,1,1,1,1,06-03-21,1,0,1300,1,1,1,0,22,0
1,4733,1615045233,1,1,1,1,06-03-21,1,0,1300,1,1,1,0,22,0
1,4734,1615045249,1,1,1,1,06-03-21,1,0,1300,1,1,1,0,22,0
1,4735,1615045281,1,1,1,1,06-03-21,1,0,1300,1,1,1,0,22,0
1,4736,1615045321,1,1,1,1,06-03-21,1,0,1300,1,1,1,0,22,0
1,4737,1615045348,1,1,1,1,06-03-21,1,0,1300,1,1,1,0,22,0
1,4738,1615045378,1,1,1,1,06-03-21,1,0,1300,1,1,1,0,22,0
1,4739,1615045403,1,1,1,1,06-03-21,1,0,1300,1,1,1,0,22,0
1,4740,1615045432,1,1,1,1,06-03-21,1,0,1300,1,1,1,0,22,0
1,4741,1615045457,1,1,1,1,06-03-21,1,0,1300,1,1,1,0,22,0
1,4742,1615045475,1,1,1,1,06-03-21,1,0,1300,1,1,1,0,22,0
1,4743,1615045513,1,1,1,1,06-03-21,1,0,1300,1,1,1,0,22,0
1,4744,1615045548,1,1,1,1,06-03-21,1,0,1300,1,1,1,0,22,0
1,4745,1615045555,1,1,1,1,06-03-21,1,0,1300,1,1,1,0,22,0
1,4746,1615045827,1,1,1,1,06-03-21,1,0,1300,1,1,1,0,22,0
1,4747,1615045865,1,1,1,1,06-03-21,1,0,1300,1,1,1,0,22,0
1,4748,1615045881,1,1,1,1,06-03-21,1,0,1300,1,1,1,0,22,0
1,4749,1615045903,1,1,1,1,06-03-21,1,0,1300,1,1,1,0,22,0
1,4750,1615045939,1,1,1,1,06-03-21,1,0,1300,1,1,1,0,22,0
1,4751,1615045981,1,1,1,1,06-03-21,1,0,1300,1,1,1,0,22,0
1,4752,1615046000,1,1,1,1,06-03-21,1,0,1300,1,1,1,0,22,0
1,4753,1615046020,1,1,1,1,06-03-21,1,0,1300,1,1,1,0,22,0
1,4754,1615046062,1,1,1,1,06-03-21,1,0,1300,1,1,1,0,22,0
1,4755,1615046078,1,1,1,1,06-03-21,1,0,1300,1,1,1,0,22,0
1,4756,1615046105,1,1,1,1,06-03-21,1,0,1300,1,1,1,0,22,0
1,4757,1615046120,1,1,1,1,06-03-21,1,0,1300,1,1,1,0,22,0
1,4758,1615046137,1,1,1,1,06-03-21,1,0,1300,1,1,1,0,22,0
1,4759,1615046182,1,1,1,1,06-03-21,1,0,1300,1,1,1,0,22,0
1,4760,1615046198,1,1,1,1,06-03-21,1,0,1300,1,1,1,0,22,0
1,4761,1615046239,1,1,1,1,06-03-21,1,0,1300,1,1,1,0,22,0
1,4762,1615046267,1,1,1,1,06-03-21,1,0,1300,1,1,1,0,22,0
1,4763,1615046275,1,1,1,1,06-03-21,1,0,1300,1,1,1,0,22,0
1,4764,1615046358,1,1,1,1,06-03-21,1,0,1300,1,1,1,0,22,0
1,4765,1615046374,1,1,1,1,06-03-21,1,0,1300,1,1,1,0,22,0
1,4766,1615046407,1,1,1,1,06-03-21,1,0,1300,1,1,1,0,22,0
1,4767,1615046439,1,1,1,1,06-03-21,1,0,1300,1,1,1,0,22,0
1,4768,1615046467,1,1,1,1,06-03-21,1,0,1300,1,1,1,0,22,0
1,4769,1615046483,1,1,1,1,06-03-21,1,0,1300,1,1,1,0,22,0
1,4770,1615046499,1,1,1,1,06-03-21,1,0,1300,1,1,1,0,22,0
1,4771,1615046515,1,1,1,1,06-03-21,1,0,1300,1,1,1,0,22,0
1,4772,1615046534,1,1,1,1,06-03-21,1,0,1300,1,1,1,0,22,0
1,4773,1615046555,1,1,1,1,06-03-21,1,0,1300,1,1,1,0,22,0
1,4774,1615046580,1,1,1,1,06-03-21,1,0,1300,1,1,1,0,22,0
1,4775,1615046599,1,1,1,1,06-03-21,1,0,1300,1,1,1,0,22,0
1,4776,1615046620,1,1,1,1,06-03-21,1,0,1300,1,1,1,0,22,0
1,4777,1615046651,1,1,1,1,06-03-21,1,0,1300,1,1,1,0,22,0
1,4778,1615046678,1,1,1,1,06-03-21,1,0,1300,1,1,1,0,22,0
1,4779,1615046712,1,1,1,1,06-03-21,1,0,1300,1,1,1,0,22,0
1,4780,1615046731,1,1,1,1,06-03-21,1,0,1300,1,1,1,0,22,0
1,4781,1615046784,1,1,1,1,06-03-21,1,0,1300,1,1,1,0,22,0
1,4782,1615046825,1,1,1,1,06-03-21,1,0,1300,1,1,1,0,22,0
1,4783,1615046845,1,1,1,1,06-03-21,1,0,1300,1,1,1,0,22,0
1,4784,1615046851,1,1,1,1,06-03-21,1,0,1300,1,1,1,0,22,0
1,4785,1615046893,1,1,1,1,06-03-21,1,0,1300,1,1,1,0,22,0
1,4786,1615046928,1,1,1,1,06-03-21,1,0,1300,1,1,1,0,22,0
1,4787,1615046934,1,1,1,1,06-03-21,1,0,1300,1,1,1,0,22,0
1,4788,1615047027,1,1,1,1,06-03-21,1,0,1300,1,1,1,0,22,0
1,4789,1615047067,1,1,1,1,06-03-21,1,0,1300,1,1,1,0,22,0
1,4790,1615047073,1,1,1,1,06-03-21,1,0,1300,1,1,1,0,22,0
1,4791,1615047191,1,1,1,1,06-03-21,1,0,1300,1,1,1,0,22,0
1,4792,1615047198,1,1,1,1,06-03-21,1,0,1300,1,1,1,0,22,0
1,4793,1615047229,1,1,1,1,06-03-21,1,0,1300,1,1,1,0,22,0
1,4794,1615047253,1,1,1,1,06-03-21,1,0,1300,1,1,1,0,22,0
1,4795,1615047285,1,1,1,1,06-03-21,1,0,1300,1,1,1,0,22,0
1,4796,1615047305,1,1,1,1,06-03-21,1,0,1300,1,1,1,0,22,0
1,4797,1615047346,1,1,1,1,06-03-21,1,0,1300,1,1,1,0,22,0
1,4798,1615047365,1,1,1,1,06-03-21,1,0,1300,1,1,1,0,22,0
1,4799,1615047403,1,1,1,1,06-03-21,1,0,1300,1,1,1,0,22,0
1,4800,1615047436,1,1,1,1,06-03-21,1,0,1300,1,1,1,0,22,0
